startdate	project	dur	round	section
2025-11-25	GLISE Lifecycle API	2	R1 Ops Testing	Acceptance Testing (UAT/Pre-Prod)
2025-12-05	MARS Online Issuance	5	R1 Operations Testing	Acceptance Testing (UAT/Pre-Prod)
2025-12-09	GLISE Lifecycle API	3	R2 Ops Testing	Acceptance Testing (UAT/Pre-Prod)
2025-12-10	ArielRe Contract Addition	8	Operations Testing	Acceptance Testing (UAT/Pre-Prod)
2025-12-17	GLISE Lifecycle API	2	R3 Ops Testing	Acceptance Testing (UAT/Pre-Prod)
2025-12-19	GLISE SW Rating in Lloyds Style	3	R1 Operations Testing - Delayed	Acceptance Testing (UAT/Pre-Prod)
2025-12-29	GLISE Lifecycle API	2	R4 Ops/Acct Compliance Retesting	Acceptance Testing (UAT/Pre-Prod)
2025-12-30	ArielRe Contract Addition	1	R2 Ops Testing	Acceptance Testing (UAT/Pre-Prod)
2026-01-08	GLISE SW Rating in Lloyds Style	3	R1 Operations Testing - Restart	Acceptance Testing (UAT/Pre-Prod)
2026-01-08	GLISE Lifecycle API	1	R5 Ops Retest	Acceptance Testing (UAT/Pre-Prod)
2026-01-23	MARS Online Issuance	3	R2 Operations Testing	Acceptance Testing (UAT/Pre-Prod)
2026-01-26	ArielRe Contract Addition	1	R3 Ops Testing	Acceptance Testing (UAT/Pre-Prod)
2026-01-27	GLISE SW Rating in Lloyds Style	2	R2 Operations Testing	Acceptance Testing (UAT/Pre-Prod)
2026-02-03	ArielRe Contract Addition	1	R4 Ops Testing	Acceptance Testing (UAT/Pre-Prod)
2026-02-04	GLISE SW Rating in Lloyds Style	2	R3 Operations Testing	Acceptance Testing (UAT/Pre-Prod)
2026-02-23	MARS Online Issuance	2	R3 Operations Testing	Acceptance Testing (UAT/Pre-Prod)
2026-02-26	RenRe	11	Ops testing	Acceptance Testing (UAT/Pre-Prod)
2026-03-02	CPAC - External Facing Rater	5	R1 Ops Testing	Acceptance Testing (UAT/Pre-Prod)
2026-03-09	Atrium	5	R1 Ops	Acceptance Testing (UAT/Pre-Prod)
2026-03-18	RenRe	5	Ops retest	Acceptance Testing (UAT/Pre-Prod)
2026-03-27	Atrium - PL	3	Operations UAT	Acceptance Testing (UAT/Pre-Prod)
2026-04-08	Scottsdale API	10	R1 Ops Testing	Acceptance Testing (UAT/Pre-Prod)
2026-04-20	Atrium - PL	1	Operations UAT - Retest	Acceptance Testing (UAT/Pre-Prod)
2026-04-27	GLISE Forms API	2	Operations UAT	Acceptance Testing (UAT/Pre-Prod)
2026-04-30	Atrium - PL	1	Operations UAT - Retest	Acceptance Testing (UAT/Pre-Prod)
2026-05-04	Munich RE	4	Operations Testing	Acceptance Testing (UAT/Pre-Prod)
2026-05-04	Atrium - PL	2	Retest - Operations/Sign Off	Acceptance Testing (UAT/Pre-Prod)
2026-05-18	Munich RE	2	R2 Ops Testing	Acceptance Testing (UAT/Pre-Prod)
2026-05-19	Workflow Dashboard	20	R1 Workflow Dashboard	Acceptance Testing (UAT/Pre-Prod)
2026-05-21	RenRe Personal Lines	2	Operations UAT	Acceptance Testing (UAT/Pre-Prod)
2026-06-02	Markel Capacity Program	5	OPS R1	Acceptance Testing (UAT/Pre-Prod)
2026-06-02	Chubb Local Rating	5	R1 Ops Testing	Acceptance Testing (UAT/Pre-Prod)
2026-06-10	RenRe Personal Lines	3	R2 Operations UAT	Acceptance Testing (UAT/Pre-Prod)
2026-06-11	Scottsdale API	5	Operations Retest	Acceptance Testing (UAT/Pre-Prod)
2026-06-15	Auto Renewals - PL	13	R2 Ops Testing	Acceptance Testing (UAT/Pre-Prod)
2026-06-25	Chubb Local Rating	2	R2 Ops Testing	Acceptance Testing (UAT/Pre-Prod)
2026-07-09	Scottsdale API	6	R3 Ops Team Testing	Acceptance Testing (UAT/Pre-Prod)
2026-08-10	Agency Fees Management	3	Operations Testing	Acceptance Testing (UAT/Pre-Prod)
2026-08-21	Workflow Dashboard	1	R2 Workflow Dashboard	Acceptance Testing (UAT/Pre-Prod)
2026-09-02	Transportation Rater Update	3	Ops testing	Acceptance Testing (UAT/Pre-Prod)
2026-09-03	Auto Renewals - PL	3	R3 Ops Testing	Acceptance Testing (UAT/Pre-Prod)
2026-09-04	GLISE Forms API	3	Operations/Compliance Retest UAT - PS-8479	Acceptance Testing (UAT/Pre-Prod)
2026-09-28	Auto Renewals - PL	10	Ops Testing for Auto Renewals	Acceptance Testing (UAT/Pre-Prod)
2026-10-06	Transportation Rater Update	3	Ops testing R2	Acceptance Testing (UAT/Pre-Prod)
2026-10-15	MeshVI Integration	10	Operations Testing	Acceptance Testing (UAT/Pre-Prod)
2026-10-28	Munich RE - Commercial	10	Operations Testing	Acceptance Testing (UAT/Pre-Prod)
	Markel Artisan Rater		OPS R1	Acceptance Testing (UAT/Pre-Prod)
	Chubb API		Operations UAT	Acceptance Testing (UAT/Pre-Prod)
	Chubb API		R2 Testing - Ops Team	Acceptance Testing (UAT/Pre-Prod)
	GLISE Forms API	3	Ops UAT R3	Acceptance Testing (UAT/Pre-Prod)
	Markel Forms API		Operations UAT	Acceptance Testing (UAT/Pre-Prod)
	Motion HVH API		Operations UAT	Acceptance Testing (UAT/Pre-Prod)
	JJCM - New MARS Claims System for JJCM	10	Operations Testing	Acceptance Testing (UAT/Pre-Prod)
	New Flood UI		Operations Testing	Acceptance Testing (UAT/Pre-Prod)
	CertifID	5	Operations Testing	Acceptance Testing (UAT/Pre-Prod)
	Automated Quote Logging and Locking		Operations Testing	Acceptance Testing (UAT/Pre-Prod)
